Ensembl	Gene	Description
ENSG00000121410	A1BG	"Alpha-1-B glycoprotein"
ENSG00000175899	A2M	Alpha-2-macroglobulin
ENSG00000175164	ABO	"ABO, alpha 1-3-N-acetylgalactosaminyltransferase and alpha 1-3-galactosyltransferase"
ENSG00000275063	AC233755.1	"Immunoglobulin heavy variable 4-38-2 "
ENSG00000159640	ACE	"Angiotensin I converting enzyme"
ENSG00000130234	ACE2	"Angiotensin I converting enzyme 2"
ENSG00000014257	ACPP	"Acid phosphatase, prostate"
ENSG00000093072	ADA2	"Adenosine deaminase 2"
ENSG00000042980	ADAM28	"ADAM metallopeptidase domain 28"
ENSG00000160323	ADAMTS13	"ADAM metallopeptidase with thrombospondin type 1 motif 13"
ENSG00000131355	ADGRE3	"Adhesion G protein-coupled receptor E3"
ENSG00000123146	ADGRE5	"Adhesion G protein-coupled receptor E5"
ENSG00000205336	ADGRG1	"Adhesion G protein-coupled receptor G1"
ENSG00000181092	ADIPOQ	"Adiponectin, C1Q and collagen domain containing"
ENSG00000148926	ADM	Adrenomedullin
ENSG00000128165	ADM2	"Adrenomedullin 2"
ENSG00000079557	AFM	Afamin
ENSG00000081051	AFP	"Alpha fetoprotein"
ENSG00000164252	AGGF1	"Angiogenic factor with G-patch and FHA domains 1"
ENSG00000135744	AGT	Angiotensinogen
ENSG00000145192	AHSG	"Alpha 2-HS glycoprotein"
ENSG00000164022	AIMP1	"Aminoacyl tRNA synthetase complex interacting multifunctional protein 1"
ENSG00000163631	ALB	Albumin
ENSG00000106927	AMBP	"Alpha-1-microglobulin/bikunin precursor"
ENSG00000104899	AMH	"Anti-Mullerian hormone"
ENSG00000214274	ANG	Angiogenin
ENSG00000154188	ANGPT1	"Angiopoietin 1"
ENSG00000091879	ANGPT2	"Angiopoietin 2"
ENSG00000101280	ANGPT4	"Angiopoietin 4"
ENSG00000116194	ANGPTL1	"Angiopoietin like 1"
ENSG00000136859	ANGPTL2	"Angiopoietin like 2"
ENSG00000132855	ANGPTL3	"Angiopoietin like 3"
ENSG00000167772	ANGPTL4	"Angiopoietin like 4"
ENSG00000130812	ANGPTL6	"Angiopoietin like 6"
ENSG00000130173	ANGPTL8	"Angiopoietin like 8"
ENSG00000135046	ANXA1	"Annexin A1"
ENSG00000182718	ANXA2	"Annexin A2"
ENSG00000136250	AOAH	"Acyloxyacyl hydrolase"
ENSG00000132703	APCS	"Amyloid P component, serum"
ENSG00000118137	APOA1	"Apolipoprotein A1"
ENSG00000158874	APOA2	"Apolipoprotein A2"
ENSG00000110244	APOA4	"Apolipoprotein A4"
ENSG00000110243	APOA5	"Apolipoprotein A5"
ENSG00000084674	APOB	"Apolipoprotein B"
ENSG00000130208	APOC1	"Apolipoprotein C1"
ENSG00000234906	APOC2	"Apolipoprotein C2"
ENSG00000110245	APOC3	"Apolipoprotein C3"
ENSG00000267467	APOC4	"Apolipoprotein C4"
ENSG00000189058	APOD	"Apolipoprotein D"
ENSG00000130203	APOE	"Apolipoprotein E"
ENSG00000175336	APOF	"Apolipoprotein F"
ENSG00000091583	APOH	"Apolipoprotein H"
ENSG00000100342	APOL1	"Apolipoprotein L1"
ENSG00000100336	APOL4	"Apolipoprotein L4"
ENSG00000204444	APOM	"Apolipoprotein M"
ENSG00000184831	APOO	"Apolipoprotein O"
ENSG00000111339	ART4	"ADP-ribosyltransferase 4 (Dombrock blood group)"
ENSG00000101440	ASIP	"Agouti signaling protein"
ENSG00000088812	ATRN	Attractin
ENSG00000101200	AVP	"Arginine vasopressin"
ENSG00000160862	AZGP1	"Alpha-2-glycoprotein 1, zinc-binding"
ENSG00000172232	AZU1	"Azurocidin 1"
ENSG00000114200	BCHE	Butyrylcholinesterase
ENSG00000176697	BDNF	"Brain derived neurotrophic factor"
ENSG00000242252	BGLAP	"Bone gamma-carboxyglutamate protein"
ENSG00000163217	BMP10	"Bone morphogenetic protein 10"
ENSG00000125845	BMP2	"Bone morphogenetic protein 2"
ENSG00000125378	BMP4	"Bone morphogenetic protein 4"
ENSG00000153162	BMP6	"Bone morphogenetic protein 6"
ENSG00000101144	BMP7	"Bone morphogenetic protein 7"
ENSG00000183682	BMP8A	"Bone morphogenetic protein 8a"
ENSG00000116985	BMP8B	"Bone morphogenetic protein 8b"
ENSG00000101425	BPI	"Bactericidal/permeability-increasing protein"
ENSG00000174808	BTC	Betacellulin
ENSG00000169814	BTD	Biotinidase
ENSG00000276911	BX248415.1	
ENSG00000153446	C16orf89	"Chromosome 16 open reading frame 89"
ENSG00000187997	C17orf99	"Chromosome 17 open reading frame 99"
ENSG00000118292	C1orf54	"Chromosome 1 open reading frame 54"
ENSG00000143443	C1orf56	"Chromosome 1 open reading frame 56"
ENSG00000173372	C1QA	"Complement C1q A chain"
ENSG00000173369	C1QB	"Complement C1q B chain"
ENSG00000159189	C1QC	"Complement C1q C chain"
ENSG00000173918	C1QTNF1	"C1q and TNF related 1"
ENSG00000184163	C1QTNF12	"C1q and TNF related 12"
ENSG00000145861	C1QTNF2	"C1q and TNF related 2"
ENSG00000082196	C1QTNF3	"C1q and TNF related 3"
ENSG00000223953	C1QTNF5	"C1q and TNF related 5"
ENSG00000133466	C1QTNF6	"C1q and TNF related 6"
ENSG00000163145	C1QTNF7	"C1q and TNF related 7"
ENSG00000240654	C1QTNF9	"C1q and TNF related 9"
ENSG00000159403	C1R	"Complement C1r"
ENSG00000139178	C1RL	"Complement C1r subcomponent like"
ENSG00000182326	C1S	"Complement C1s"
ENSG00000166278	C2	"Complement C2"
ENSG00000119147	C2orf40	"Chromosome 2 open reading frame 40"
ENSG00000125730	C3	"Complement C3"
ENSG00000244731	C4A	"Complement C4A (Rodgers blood group)"
ENSG00000224389	C4B	"Complement C4B (Chido blood group)"
ENSG00000123838	C4BPA	"Complement component 4 binding protein alpha"
ENSG00000123843	C4BPB	"Complement component 4 binding protein beta"
ENSG00000243449	C4orf48	"Chromosome 4 open reading frame 48"
ENSG00000106804	C5	"Complement C5"
ENSG00000039537	C6	"Complement C6"
ENSG00000185127	C6orf120	"Chromosome 6 open reading frame 120"
ENSG00000112936	C7	"Complement C7"
ENSG00000157131	C8A	"Complement C8 alpha chain"
ENSG00000021852	C8B	"Complement C8 beta chain"
ENSG00000176919	C8G	"Complement C8 gamma chain"
ENSG00000113600	C9	"Complement C9"
ENSG00000110680	CALCA	"Calcitonin related polypeptide alpha"
ENSG00000175868	CALCB	"Calcitonin related polypeptide beta"
ENSG00000164047	CAMP	"Cathelicidin antimicrobial peptide"
ENSG00000164326	CARTPT	"CART prepropeptide"
ENSG00000169193	CCDC126	"Coiled-coil domain containing 126"
ENSG00000100147	CCDC134	"Coiled-coil domain containing 134"
ENSG00000151468	CCDC3	"Coiled-coil domain containing 3"
ENSG00000187094	CCK	Cholecystokinin
ENSG00000108702	CCL1	"C-C motif chemokine ligand 1"
ENSG00000172156	CCL11	"C-C motif chemokine ligand 11"
ENSG00000181374	CCL13	"C-C motif chemokine ligand 13"
ENSG00000276409	CCL14	"C-C motif chemokine ligand 14"
ENSG00000275718	CCL15	"C-C motif chemokine ligand 15"
ENSG00000275152	CCL16	"C-C motif chemokine ligand 16"
ENSG00000102970	CCL17	"C-C motif chemokine ligand 17"
ENSG00000275385	CCL18	"C-C motif chemokine ligand 18"
ENSG00000172724	CCL19	"C-C motif chemokine ligand 19"
ENSG00000108691	CCL2	"C-C motif chemokine ligand 2"
ENSG00000115009	CCL20	"C-C motif chemokine ligand 20"
ENSG00000137077	CCL21	"C-C motif chemokine ligand 21"
ENSG00000102962	CCL22	"C-C motif chemokine ligand 22"
ENSG00000274736	CCL23	"C-C motif chemokine ligand 23"
ENSG00000106178	CCL24	"C-C motif chemokine ligand 24"
ENSG00000131142	CCL25	"C-C motif chemokine ligand 25"
ENSG00000006606	CCL26	"C-C motif chemokine ligand 26"
ENSG00000213927	CCL27	"C-C motif chemokine ligand 27"
ENSG00000151882	CCL28	"C-C motif chemokine ligand 28"
ENSG00000277632	CCL3	"C-C motif chemokine ligand 3"
ENSG00000276085	CCL3L1	"C-C motif chemokine ligand 3 like 1"
ENSG00000275302	CCL4	"C-C motif chemokine ligand 4"
ENSG00000276070	CCL4L2	"C-C motif chemokine ligand 4 like 2"
ENSG00000271503	CCL5	"C-C motif chemokine ligand 5"
ENSG00000108688	CCL7	"C-C motif chemokine ligand 7"
ENSG00000108700	CCL8	"C-C motif chemokine ligand 8"
ENSG00000170458	CD14	"CD14 molecule"
ENSG00000177575	CD163	"CD163 molecule"
ENSG00000101017	CD40	"CD40 molecule"
ENSG00000102245	CD40LG	"CD40 ligand"
ENSG00000196352	CD55	"CD55 molecule (Cromer blood group)"
ENSG00000073754	CD5L	"CD5 molecule like"
ENSG00000013725	CD6	"CD6 molecule"
ENSG00000087237	CETP	"Cholesteryl ester transfer protein"
ENSG00000243649	CFB	"Complement factor B"
ENSG00000197766	CFD	"Complement factor D"
ENSG00000000971	CFH	"Complement factor H"
ENSG00000244414	CFHR1	"Complement factor H related 1"
ENSG00000080910	CFHR2	"Complement factor H related 2"
ENSG00000116785	CFHR3	"Complement factor H related 3"
ENSG00000134365	CFHR4	"Complement factor H related 4"
ENSG00000134389	CFHR5	"Complement factor H related 5"
ENSG00000205403	CFI	"Complement factor I"
ENSG00000126759	CFP	"Complement factor properdin"
ENSG00000135346	CGA	"Glycoprotein hormones, alpha polypeptide"
ENSG00000267631	CGB1	"Chorionic gonadotropin beta subunit 1"
ENSG00000104827	CGB3	"Chorionic gonadotropin beta subunit 3"
ENSG00000189052	CGB5	"Chorionic gonadotropin beta subunit 5"
ENSG00000213030	CGB8	"Chorionic gonadotropin beta subunit 8"
ENSG00000133048	CHI3L1	"Chitinase 3 like 1"
ENSG00000064886	CHI3L2	"Chitinase 3 like 2"
ENSG00000133063	CHIT1	"Chitinase 1"
ENSG00000217555	CKLF	"Chemokine like factor"
ENSG00000175505	CLCF1	"Cardiotrophin like cytokine factor 1"
ENSG00000157322	CLEC18A	"C-type lectin domain family 18 member A"
ENSG00000140839	CLEC18B	"C-type lectin domain family 18 member B"
ENSG00000157335	CLEC18C	"C-type lectin domain family 18 member C"
ENSG00000163815	CLEC3B	"C-type lectin domain family 3 member B"
ENSG00000120885	CLU	Clusterin
ENSG00000092009	CMA1	"Chymase 1"
ENSG00000184374	COLEC10	"Collectin subfamily member 10"
ENSG00000118004	COLEC11	"Collectin subfamily member 11"
ENSG00000206561	COLQ	"Collagen like tail subunit of asymmetric acetylcholinesterase"
ENSG00000122218	COPA	"Coatomer protein complex subunit alpha"
ENSG00000047457	CP	Ceruloplasmin
ENSG00000163751	CPA3	"Carboxypeptidase A3"
ENSG00000160111	CPAMD8	"C3 and PZP like, alpha-2-macroglobulin domain containing 8"
ENSG00000080618	CPB2	"Carboxypeptidase B2"
ENSG00000120054	CPN1	"Carboxypeptidase N subunit 1"
ENSG00000178772	CPN2	"Carboxypeptidase N subunit 2"
ENSG00000104324	CPQ	"Carboxypeptidase Q"
ENSG00000143162	CREG1	"Cellular repressor of E1A stimulated genes 1"
ENSG00000184164	CRELD2	"Cysteine rich with EGF like domains 2"
ENSG00000147571	CRH	"Corticotropin releasing hormone"
ENSG00000145708	CRHBP	"Corticotropin releasing hormone binding protein"
ENSG00000103196	CRISPLD2	"Cysteine rich secretory protein LCCL domain containing 2"
ENSG00000132693	CRP	"C-reactive protein"
ENSG00000170275	CRTAP	"Cartilage associated protein"
ENSG00000184371	CSF1	"Colony stimulating factor 1"
ENSG00000164400	CSF2	"Colony stimulating factor 2"
ENSG00000198223	CSF2RA	"Colony stimulating factor 2 receptor alpha subunit"
ENSG00000108342	CSF3	"Colony stimulating factor 3"
ENSG00000136488	CSH1	"Chorionic somatomammotropin hormone 1"
ENSG00000213218	CSH2	"Chorionic somatomammotropin hormone 2"
ENSG00000204414	CSHL1	"Chorionic somatomammotropin hormone like 1"
ENSG00000101439	CST3	"Cystatin C"
ENSG00000077984	CST7	"Cystatin F"
ENSG00000150281	CTF1	"Cardiotrophin 1"
ENSG00000164733	CTSB	"Cathepsin B"
ENSG00000117984	CTSD	"Cathepsin D"
ENSG00000172543	CTSW	"Cathepsin W"
ENSG00000112514	CUTA	"CutA divalent cation tolerance homolog"
ENSG00000006210	CX3CL1	"C-X3-C motif chemokine ligand 1"
ENSG00000163739	CXCL1	"C-X-C motif chemokine ligand 1"
ENSG00000169245	CXCL10	"C-X-C motif chemokine ligand 10"
ENSG00000169248	CXCL11	"C-X-C motif chemokine ligand 11"
ENSG00000107562	CXCL12	"C-X-C motif chemokine ligand 12"
ENSG00000156234	CXCL13	"C-X-C motif chemokine ligand 13"
ENSG00000145824	CXCL14	"C-X-C motif chemokine ligand 14"
ENSG00000161921	CXCL16	"C-X-C motif chemokine ligand 16"
ENSG00000189377	CXCL17	"C-X-C motif chemokine ligand 17"
ENSG00000081041	CXCL2	"C-X-C motif chemokine ligand 2"
ENSG00000163734	CXCL3	"C-X-C motif chemokine ligand 3"
ENSG00000163735	CXCL5	"C-X-C motif chemokine ligand 5"
ENSG00000124875	CXCL6	"C-X-C motif chemokine ligand 6"
ENSG00000169429	CXCL8	"C-X-C motif chemokine ligand 8"
ENSG00000138755	CXCL9	"C-X-C motif chemokine ligand 9"
ENSG00000164821	DEFA4	"Defensin alpha 4"
ENSG00000169084	DHRSX	"Dehydrogenase/reductase X-linked"
ENSG00000163687	DNASE1L3	"Deoxyribonuclease 1 like 3"
ENSG00000105246	EBI3	"Epstein-Barr virus induced 3"
ENSG00000164176	EDIL3	"EGF like repeats and discoidin domains 3"
ENSG00000078401	EDN1	"Endothelin 1"
ENSG00000127129	EDN2	"Endothelin 2"
ENSG00000124205	EDN3	"Endothelin 3"
ENSG00000169242	EFNA1	"Ephrin A1"
ENSG00000243364	EFNA4	"Ephrin A4"
ENSG00000146648	EGFR	"Epidermal growth factor receptor"
ENSG00000197561	ELANE	"Elastase, neutrophil expressed"
ENSG00000161671	EMC10	"ER membrane protein complex subunit 10"
ENSG00000168913	ENHO	"Energy homeostasis associated"
ENSG00000187097	ENTPD5	"Ectonucleoside triphosphate diphosphohydrolase 5"
ENSG00000197586	ENTPD6	"Ectonucleoside triphosphate diphosphohydrolase 6 (putative)"
ENSG00000130427	EPO	Erythropoietin
ENSG00000164307	ERAP1	"Endoplasmic reticulum aminopeptidase 1"
ENSG00000164308	ERAP2	"Endoplasmic reticulum aminopeptidase 2"
ENSG00000124882	EREG	Epiregulin
ENSG00000178752	ERFE	Erythroferrone
ENSG00000226887	ERVMER34-1	"Endogenous retrovirus group MER34 member 1, envelope"
ENSG00000164283	ESM1	"Endothelial cell specific molecule 1"
ENSG00000126218	F10	"Coagulation factor X"
ENSG00000088926	F11	"Coagulation factor XI"
ENSG00000131187	F12	"Coagulation factor XII"
ENSG00000124491	F13A1	"Coagulation factor XIII A chain"
ENSG00000143278	F13B	"Coagulation factor XIII B chain"
ENSG00000180210	F2	"Coagulation factor II, thrombin"
ENSG00000117525	F3	"Coagulation factor III, tissue factor"
ENSG00000198734	F5	"Coagulation factor V"
ENSG00000057593	F7	"Coagulation factor VII"
ENSG00000185010	F8	"Coagulation factor VIII"
ENSG00000101981	F9	"Coagulation factor IX"
ENSG00000151327	FAM177A1	"Family with sequence similarity 177 member A1"
ENSG00000183844	FAM3B	"Family with sequence similarity 3 member B"
ENSG00000078098	FAP	"Fibroblast activation protein alpha"
ENSG00000026103	FAS	"Fas cell surface death receptor"
ENSG00000117560	FASLG	"Fas ligand"
ENSG00000166147	FBN1	"Fibrillin 1"
ENSG00000104921	FCER2	"Fc fragment of IgE receptor II"
ENSG00000203747	FCGR3A	"Fc fragment of IgG receptor IIIa"
ENSG00000162747	FCGR3B	"Fc fragment of IgG receptor IIIb"
ENSG00000162894	FCMR	"Fc fragment of IgM receptor"
ENSG00000085265	FCN1	"Ficolin 1"
ENSG00000160339	FCN2	"Ficolin 2"
ENSG00000142748	FCN3	"Ficolin 3"
ENSG00000143297	FCRL5	"Fc receptor like 5"
ENSG00000090512	FETUB	"Fetuin B"
ENSG00000171560	FGA	"Fibrinogen alpha chain"
ENSG00000171564	FGB	"Fibrinogen beta chain"
ENSG00000162344	FGF19	"Fibroblast growth factor 19"
ENSG00000105550	FGF21	"Fibroblast growth factor 21"
ENSG00000118972	FGF23	"Fibroblast growth factor 23"
ENSG00000137441	FGFBP2	"Fibroblast growth factor binding protein 2"
ENSG00000171557	FGG	"Fibrinogen gamma chain"
ENSG00000104760	FGL1	"Fibrinogen like 1"
ENSG00000127951	FGL2	"Fibrinogen like 2"
ENSG00000102755	FLT1	"Fms related tyrosine kinase 1"
ENSG00000037280	FLT4	"Fms related tyrosine kinase 4"
ENSG00000115414	FN1	"Fibronectin 1"
ENSG00000110195	FOLR1	"Folate receptor 1"
ENSG00000165457	FOLR2	"Folate receptor beta"
ENSG00000110203	FOLR3	"Folate receptor 3"
ENSG00000131808	FSHB	"Follicle stimulating hormone beta subunit"
ENSG00000134363	FST	Follistatin
ENSG00000163430	FSTL1	"Follistatin like 1"
ENSG00000053108	FSTL4	"Follistatin like 4"
ENSG00000001036	FUCA2	"Alpha-L-fucosidase 2"
ENSG00000069482	GAL	"Galanin and GMAP prepropeptide"
ENSG00000183087	GAS6	"Growth arrest specific 6"
ENSG00000145321	GC	"GC, vitamin D binding protein"
ENSG00000115263	GCG	Glucagon
ENSG00000130283	GDF1	"Growth differentiation factor 1"
ENSG00000135414	GDF11	"Growth differentiation factor 11"
ENSG00000130513	GDF15	"Growth differentiation factor 15"
ENSG00000263761	GDF2	"Growth differentiation factor 2"
ENSG00000184344	GDF3	"Growth differentiation factor 3"
ENSG00000125965	GDF5	"Growth differentiation factor 5"
ENSG00000156466	GDF6	"Growth differentiation factor 6"
ENSG00000259384	GH1	"Growth hormone 1"
ENSG00000136487	GH2	"Growth hormone 2"
ENSG00000112964	GHR	"Growth hormone receptor"
ENSG00000157017	GHRL	"Ghrelin and obestatin prepropeptide"
ENSG00000159224	GIP	"Gastric inhibitory polypeptide"
ENSG00000115523	GNLY	Granulysin
ENSG00000147437	GNRH1	"Gonadotropin releasing hormone 1"
ENSG00000125787	GNRH2	"Gonadotropin releasing hormone 2"
ENSG00000149735	GPHA2	"Glycoprotein hormone alpha 2"
ENSG00000179600	GPHB5	"Glycoprotein hormone beta 5"
ENSG00000105220	GPI	"Glucose-6-phosphate isomerase"
ENSG00000112293	GPLD1	"Glycosylphosphatidylinositol specific phospholipase D1"
ENSG00000211445	GPX3	"Glutathione peroxidase 3"
ENSG00000116157	GPX7	"Glutathione peroxidase 7"
ENSG00000166923	GREM1	"Gremlin 1, DAN family BMP antagonist"
ENSG00000180875	GREM2	"Gremlin 2, DAN family BMP antagonist"
ENSG00000030582	GRN	"Granulin precursor"
ENSG00000134443	GRP	"Gastrin releasing peptide"
ENSG00000148180	GSN	Gelsolin
ENSG00000197273	GUCA2A	"Guanylate cyclase activator 2A"
ENSG00000044012	GUCA2B	"Guanylate cyclase activator 2B"
ENSG00000145649	GZMA	"Granzyme A"
ENSG00000100453	GZMB	"Granzyme B"
ENSG00000100450	GZMH	"Granzyme H"
ENSG00000113088	GZMK	"Granzyme K"
ENSG00000197540	GZMM	"Granzyme M"
ENSG00000148702	HABP2	"Hyaluronan binding protein 2"
ENSG00000105697	HAMP	"Hepcidin antimicrobial peptide"
ENSG00000113070	HBEGF	"Heparin binding EGF like growth factor"
ENSG00000161610	HCRT	"Hypocretin neuropeptide precursor"
ENSG00000019991	HGF	"Hepatocyte growth factor"
ENSG00000109758	HGFAC	"HGF activator"
ENSG00000204632	HLA-G	"Major histocompatibility complex, class I, G"
ENSG00000221887	HMSD	"Histocompatibility minor serpin domain containing"
ENSG00000257017	HP	Haptoglobin
ENSG00000261701	HPR	"Haptoglobin-related protein"
ENSG00000110169	HPX	Hemopexin
ENSG00000113905	HRG	"Histidine rich glycoprotein"
ENSG00000166033	HTRA1	"HtrA serine peptidase 1"
ENSG00000114378	HYAL1	"Hyaluronoglucosaminidase 1"
ENSG00000186792	HYAL3	"Hyaluronoglucosaminidase 3"
ENSG00000121351	IAPP	"Islet amyloid polypeptide"
ENSG00000197919	IFNA1	"Interferon alpha 1"
ENSG00000186803	IFNA10	"Interferon alpha 10"
ENSG00000233816	IFNA13	"Interferon alpha 13"
ENSG00000228083	IFNA14	"Interferon alpha 14"
ENSG00000147885	IFNA16	"Interferon alpha 16"
ENSG00000234829	IFNA17	"Interferon alpha 17"
ENSG00000188379	IFNA2	"Interferon alpha 2"
ENSG00000137080	IFNA21	"Interferon alpha 21"
ENSG00000236637	IFNA4	"Interferon alpha 4"
ENSG00000147873	IFNA5	"Interferon alpha 5"
ENSG00000120235	IFNA6	"Interferon alpha 6"
ENSG00000214042	IFNA7	"Interferon alpha 7"
ENSG00000120242	IFNA8	"Interferon alpha 8"
ENSG00000159110	IFNAR2	"Interferon alpha and beta receptor subunit 2"
ENSG00000171855	IFNB1	"Interferon beta 1"
ENSG00000184995	IFNE	"Interferon epsilon"
ENSG00000111537	IFNG	"Interferon gamma"
ENSG00000147896	IFNK	"Interferon kappa"
ENSG00000182393	IFNL1	"Interferon lambda 1"
ENSG00000183709	IFNL2	"Interferon lambda 2"
ENSG00000197110	IFNL3	"Interferon lambda 3"
ENSG00000177047	IFNW1	"Interferon omega 1"
ENSG00000017427	IGF1	"Insulin like growth factor 1"
ENSG00000167244	IGF2	"Insulin like growth factor 2"
ENSG00000099769	IGFALS	"Insulin like growth factor binding protein acid labile subunit"
ENSG00000146678	IGFBP1	"Insulin like growth factor binding protein 1"
ENSG00000115457	IGFBP2	"Insulin like growth factor binding protein 2"
ENSG00000146674	IGFBP3	"Insulin like growth factor binding protein 3"
ENSG00000141753	IGFBP4	"Insulin like growth factor binding protein 4"
ENSG00000115461	IGFBP5	"Insulin like growth factor binding protein 5"
ENSG00000167779	IGFBP6	"Insulin like growth factor binding protein 6"
ENSG00000163453	IGFBP7	"Insulin like growth factor binding protein 7"
ENSG00000137142	IGFBPL1	"Insulin like growth factor binding protein like 1"
ENSG00000182700	IGIP	"IgA inducing protein"
ENSG00000128322	IGLL1	"Immunoglobulin lambda like polypeptide 1"
ENSG00000254709	IGLL5	"Immunoglobulin lambda like polypeptide 5"
ENSG00000136634	IL10	"Interleukin 10"
ENSG00000095752	IL11	"Interleukin 11"
ENSG00000168811	IL12A	"Interleukin 12A"
ENSG00000113302	IL12B	"Interleukin 12B"
ENSG00000169194	IL13	"Interleukin 13"
ENSG00000164136	IL15	"Interleukin 15"
ENSG00000134470	IL15RA	"Interleukin 15 receptor subunit alpha"
ENSG00000172349	IL16	"Interleukin 16"
ENSG00000112115	IL17A	"Interleukin 17A"
ENSG00000127743	IL17B	"Interleukin 17B"
ENSG00000124391	IL17C	"Interleukin 17C"
ENSG00000172458	IL17D	"Interleukin 17D"
ENSG00000112116	IL17F	"Interleukin 17F"
ENSG00000150782	IL18	"Interleukin 18"
ENSG00000137496	IL18BP	"Interleukin 18 binding protein"
ENSG00000142224	IL19	"Interleukin 19"
ENSG00000115008	IL1A	"Interleukin 1 alpha"
ENSG00000125538	IL1B	"Interleukin 1 beta"
ENSG00000136697	IL1F10	"Interleukin 1 family member 10"
ENSG00000115594	IL1R1	"Interleukin 1 receptor type 1"
ENSG00000115590	IL1R2	"Interleukin 1 receptor type 2"
ENSG00000196083	IL1RAP	"Interleukin 1 receptor accessory protein"
ENSG00000115602	IL1RL1	"Interleukin 1 receptor like 1"
ENSG00000136689	IL1RN	"Interleukin 1 receptor antagonist"
ENSG00000109471	IL2	"Interleukin 2"
ENSG00000162891	IL20	"Interleukin 20"
ENSG00000138684	IL21	"Interleukin 21"
ENSG00000127318	IL22	"Interleukin 22"
ENSG00000164485	IL22RA2	"Interleukin 22 receptor subunit alpha 2"
ENSG00000110944	IL23A	"Interleukin 23 subunit alpha"
ENSG00000162892	IL24	"Interleukin 24"
ENSG00000166090	IL25	"Interleukin 25"
ENSG00000111536	IL26	"Interleukin 26"
ENSG00000197272	IL27	"Interleukin 27"
ENSG00000164399	IL3	"Interleukin 3"
ENSG00000204671	IL31	"Interleukin 31"
ENSG00000008517	IL32	"Interleukin 32"
ENSG00000137033	IL33	"Interleukin 33"
ENSG00000157368	IL34	"Interleukin 34"
ENSG00000136694	IL36A	"Interleukin 36 alpha"
ENSG00000136696	IL36B	"Interleukin 36 beta"
ENSG00000136688	IL36G	"Interleukin 36 gamma"
ENSG00000136695	IL36RN	"Interleukin 36 receptor antagonist"
ENSG00000125571	IL37	"Interleukin 37"
ENSG00000113520	IL4	"Interleukin 4"
ENSG00000104951	IL4I1	"Interleukin 4 induced 1"
ENSG00000077238	IL4R	"Interleukin 4 receptor"
ENSG00000113525	IL5	"Interleukin 5"
ENSG00000136244	IL6	"Interleukin 6"
ENSG00000134352	IL6ST	"Interleukin 6 signal transducer"
ENSG00000104432	IL7	"Interleukin 7"
ENSG00000145839	IL9	"Interleukin 9"
ENSG00000123999	INHA	"Inhibin alpha subunit"
ENSG00000122641	INHBA	"Inhibin beta A subunit"
ENSG00000163083	INHBB	"Inhibin beta B subunit"
ENSG00000175189	INHBC	"Inhibin beta C subunit"
ENSG00000139269	INHBE	"Inhibin beta E subunit"
ENSG00000254647	INS	Insulin
ENSG00000248099	INSL3	"Insulin like 3"
ENSG00000120211	INSL4	"Insulin like 4"
ENSG00000172410	INSL5	"Insulin like 5"
ENSG00000120210	INSL6	"Insulin like 6"
ENSG00000187608	ISG15	"ISG15 ubiquitin-like modifier"
ENSG00000055957	ITIH1	"Inter-alpha-trypsin inhibitor heavy chain 1"
ENSG00000151655	ITIH2	"Inter-alpha-trypsin inhibitor heavy chain 2"
ENSG00000162267	ITIH3	"Inter-alpha-trypsin inhibitor heavy chain 3"
ENSG00000055955	ITIH4	"Inter-alpha-trypsin inhibitor heavy chain family member 4"
ENSG00000123243	ITIH5	"Inter-alpha-trypsin inhibitor heavy chain family member 5"
ENSG00000102313	ITIH6	"Inter-alpha-trypsin inhibitor heavy chain family member 6"
ENSG00000179914	ITLN1	"Intelectin 1"
ENSG00000166086	JAM3	"Junctional adhesion molecule 3"
ENSG00000132465	JCHAIN	"Joining chain of multimeric IgA and IgM"
ENSG00000133116	KL	Klotho
ENSG00000174562	KLK15	"Kallikrein related peptidase 15"
ENSG00000164344	KLKB1	"Kallikrein B1"
ENSG00000113889	KNG1	"Kininogen 1"
ENSG00000129988	LBP	"Lipopolysaccharide binding protein"
ENSG00000213398	LCAT	"Lecithin-cholesterol acyltransferase"
ENSG00000164406	LEAP2	"Liver enriched antimicrobial peptide 2"
ENSG00000145826	LECT2	"Leukocyte cell derived chemotaxin 2"
ENSG00000174697	LEP	Leptin
ENSG00000116678	LEPR	"Leptin receptor"
ENSG00000100097	LGALS1	"Galectin 1"
ENSG00000131981	LGALS3	"Galectin 3"
ENSG00000108679	LGALS3BP	"Galectin 3 binding protein"
ENSG00000168961	LGALS9	"Galectin 9"
ENSG00000153012	LGI2	"Leucine rich repeat LGI family member 2"
ENSG00000104826	LHB	"Luteinizing hormone beta polypeptide"
ENSG00000239998	LILRA2	"Leukocyte immunoglobulin like receptor A2"
ENSG00000187116	LILRA5	"Leukocyte immunoglobulin like receptor A5"
ENSG00000166035	LIPC	"Lipase C, hepatic type"
ENSG00000101670	LIPG	"Lipase G, endothelial type"
ENSG00000163898	LIPH	"Lipase H"
ENSG00000198670	LPA	Lipoprotein(a)
ENSG00000175445	LPL	"Lipoprotein lipase"
ENSG00000171236	LRG1	"Leucine rich alpha-2-glycoprotein 1"
ENSG00000226979	LTA	"Lymphotoxin alpha"
ENSG00000168056	LTBP3	"Latent transforming growth factor beta binding protein 3"
ENSG00000112799	LY86	"Lymphocyte antigen 86"
ENSG00000154589	LY96	"Lymphocyte antigen 96"
ENSG00000090382	LYZ	Lysozyme
ENSG00000013288	MAN2B2	"Mannosidase alpha class 2B member 2"
ENSG00000145050	MANF	"Mesencephalic astrocyte derived neurotrophic factor"
ENSG00000127241	MASP1	"Mannan binding lectin serine peptidase 1"
ENSG00000009724	MASP2	"Mannan binding lectin serine peptidase 2"
ENSG00000165471	MBL2	"Mannose binding lectin 2"
ENSG00000110492	MDK	Midkine
ENSG00000105976	MET	"MET proto-oncogene, receptor tyrosine kinase"
ENSG00000176845	METRNL	"Meteorin like, glial cell differentiation regulator"
ENSG00000197006	METTL9	"Methyltransferase like 9"
ENSG00000140545	MFGE8	"Milk fat globule-EGF factor 8 protein"
ENSG00000111341	MGP	"Matrix Gla protein"
ENSG00000261857	MIA	"Melanoma inhibitory activity"
ENSG00000240972	MIF	"Macrophage migration inhibitory factor"
ENSG00000096395	MLN	Motilin
ENSG00000008516	MMP25	"Matrix metallopeptidase 25"
ENSG00000100985	MMP9	"Matrix metallopeptidase 9"
ENSG00000173531	MST1	"Macrophage stimulating 1"
ENSG00000256618	MTRNR2L1	"MT-RNR2-like 1"
ENSG00000256045	MTRNR2L10	"MT-RNR2-like 10"
ENSG00000270188	MTRNR2L11	"MT-RNR2-like 11"
ENSG00000269028	MTRNR2L12	"MT-RNR2-like 12"
ENSG00000232196	MTRNR2L4	"MT-RNR2-like 4"
ENSG00000270672	MTRNR2L6	"MT-RNR2-like 6"
ENSG00000255823	MTRNR2L8	"MT-RNR2-like 8"
ENSG00000074842	MYDGF	"Myeloid derived growth factor"
ENSG00000170476	MZB1	"Marginal zone B and B1 cell specific protein"
ENSG00000105835	NAMPT	"Nicotinamide phosphoribosyltransferase"
ENSG00000163382	NAXE	"NAD(P)HX epimerase"
ENSG00000184613	NELL2	"Neural EGFL like 2"
ENSG00000197696	NMB	"Neuromedin B"
ENSG00000156574	NODAL	"Nodal growth differentiation factor"
ENSG00000183691	NOG	Noggin
ENSG00000264343	NOTCH2NL	"Notch 2 N-terminal like"
ENSG00000136999	NOV	"Nephroblastoma overexpressed"
ENSG00000119655	NPC2	"NPC intracellular cholesterol transporter 2"
ENSG00000175206	NPPA	"Natriuretic peptide A"
ENSG00000120937	NPPB	"Natriuretic peptide B"
ENSG00000163273	NPPC	"Natriuretic peptide C"
ENSG00000106236	NPTX2	"Neuronal pentraxin 2"
ENSG00000183971	NPW	"Neuropeptide W"
ENSG00000122585	NPY	"Neuropeptide Y"
ENSG00000157168	NRG1	"Neuregulin 1"
ENSG00000158458	NRG2	"Neuregulin 2"
ENSG00000171119	NRTN	Neurturin
ENSG00000104805	NUCB1	"Nucleobindin 1"
ENSG00000070081	NUCB2	"Nucleobindin 2"
ENSG00000138315	OIT3	"Oncoprotein induced transcript 3"
ENSG00000229314	ORM1	"Orosomucoid 1"
ENSG00000228278	ORM2	"Orosomucoid 2"
ENSG00000099985	OSM	"Oncostatin M"
ENSG00000101405	OXT	"Oxytocin/neurophysin I prepropeptide"
ENSG00000113555	PCDH12	"Protocadherin 12"
ENSG00000102109	PCSK1N	"Proprotein convertase subtilisin/kexin type 1 inhibitor"
ENSG00000099139	PCSK5	"Proprotein convertase subtilisin/kexin type 5"
ENSG00000169174	PCSK9	"Proprotein convertase subtilisin/kexin type 9"
ENSG00000197461	PDGFA	"Platelet derived growth factor subunit A"
ENSG00000100311	PDGFB	"Platelet derived growth factor subunit B"
ENSG00000145431	PDGFC	"Platelet derived growth factor C"
ENSG00000170962	PDGFD	"Platelet derived growth factor D"
ENSG00000163737	PF4	"Platelet factor 4"
ENSG00000109272	PF4V1	"Platelet factor 4 variant 1"
ENSG00000119630	PGF	"Placental growth factor"
ENSG00000008438	PGLYRP1	"Peptidoglycan recognition protein 1"
ENSG00000161031	PGLYRP2	"Peptidoglycan recognition protein 2"
ENSG00000164530	PI16	"Peptidase inhibitor 16"
ENSG00000124102	PI3	"Peptidase inhibitor 3"
ENSG00000083535	PIBF1	"Progesterone immunomodulatory binding factor 1"
ENSG00000085514	PILRA	"Paired immunoglobin like type 2 receptor alpha"
ENSG00000234465	PINLYP	"Phospholipase A2 inhibitor and LY6/PLAUR domain containing"
ENSG00000162878	PKDCC	"Protein kinase domain containing, cytoplasmic"
ENSG00000123739	PLA2G12A	"Phospholipase A2 group XIIA"
ENSG00000138308	PLA2G12B	"Phospholipase A2 group XIIB"
ENSG00000188257	PLA2G2A	"Phospholipase A2 group IIA"
ENSG00000100078	PLA2G3	"Phospholipase A2 group III"
ENSG00000146070	PLA2G7	"Phospholipase A2 group VII"
ENSG00000153246	PLA2R1	"Phospholipase A2 receptor 1"
ENSG00000104368	PLAT	"Plasminogen activator, tissue type"
ENSG00000122861	PLAU	"Plasminogen activator, urokinase"
ENSG00000122194	PLG	Plasminogen
ENSG00000183281	PLGLB1	"Plasminogen-like B1"
ENSG00000125551	PLGLB2	"Plasminogen-like B2"
ENSG00000100979	PLTP	"Phospholipid transfer protein"
ENSG00000183395	PMCH	"Pro-melanin concentrating hormone"
ENSG00000168081	PNOC	Prepronociceptin
ENSG00000115138	POMC	Proopiomelanocortin
ENSG00000005421	PON1	"Paraoxonase 1"
ENSG00000105854	PON2	"Paraoxonase 2"
ENSG00000105852	PON3	"Paraoxonase 3"
ENSG00000163736	PPBP	"Pro-platelet basic protein"
ENSG00000196262	PPIA	"Peptidylprolyl isomerase A"
ENSG00000166794	PPIB	"Peptidylprolyl isomerase B"
ENSG00000108849	PPY	"Pancreatic polypeptide"
ENSG00000135617	PRADC1	"Protease associated domain containing 1"
ENSG00000172179	PRL	Prolactin
ENSG00000115718	PROC	"Protein C, inactivator of coagulation factors Va and VIIIa"
ENSG00000143125	PROK1	"Prokineticin 1"
ENSG00000163421	PROK2	"Prokineticin 2"
ENSG00000184500	PROS1	"Protein S"
ENSG00000126231	PROZ	"Protein Z, vitamin K dependent plasma glycoprotein"
ENSG00000150687	PRSS23	"Serine protease 23"
ENSG00000103355	PRSS33	"Serine protease 33"
ENSG00000185198	PRSS57	"Serine protease 57"
ENSG00000196415	PRTN3	"Proteinase 3"
ENSG00000107317	PTGDS	"Prostaglandin D2 synthase"
ENSG00000152266	PTH	"Parathyroid hormone"
ENSG00000112655	PTK7	"Protein tyrosine kinase 7 (inactive)"
ENSG00000105894	PTN	Pleiotrophin
ENSG00000163661	PTX3	"Pentraxin 3"
ENSG00000131096	PYY	"Peptide YY"
ENSG00000126838	PZP	"PZP, alpha-2-macroglobulin like"
ENSG00000115828	QPCT	"Glutaminyl-peptide cyclotransferase"
ENSG00000106538	RARRES2	"Retinoic acid receptor responder 2"
ENSG00000138207	RBP4	"Retinol binding protein 4"
ENSG00000143839	REN	Renin
ENSG00000104918	RETN	Resistin
ENSG00000163515	RETNLB	"Resistin like beta"
ENSG00000107018	RLN1	"Relaxin 1"
ENSG00000107014	RLN2	"Relaxin 2"
ENSG00000171136	RLN3	"Relaxin 3"
ENSG00000169385	RNASE2	"Ribonuclease A family member 2"
ENSG00000169397	RNASE3	"Ribonuclease A family member 3"
ENSG00000258818	RNASE4	"Ribonuclease A family member 4"
ENSG00000169413	RNASE6	"Ribonuclease A family member k6"
ENSG00000026297	RNASET2	"Ribonuclease T2"
ENSG00000184719	RNLS	"Renalase, FAD dependent amine oxidase"
ENSG00000146374	RSPO3	"R-spondin 3"
ENSG00000159579	RSPRY1	"Ring finger and SPRY domain containing 1"
ENSG00000163221	S100A12	"S100 calcium binding protein A12"
ENSG00000143546	S100A8	"S100 calcium binding protein A8"
ENSG00000163220	S100A9	"S100 calcium binding protein A9"
ENSG00000173432	SAA1	"Serum amyloid A1"
ENSG00000134339	SAA2	"Serum amyloid A2"
ENSG00000148965	SAA4	"Serum amyloid A4, constitutive"
ENSG00000171951	SCG2	"Secretogranin II"
ENSG00000166922	SCG5	"Secretogranin V"
ENSG00000161055	SCGB3A1	"Secretoglobin family 3A member 1"
ENSG00000121064	SCPEP1	"Serine carboxypeptidase 1"
ENSG00000070031	SCT	Secretin
ENSG00000159307	SCUBE1	"Signal peptide, CUB domain and EGF like domain containing 1"
ENSG00000175356	SCUBE2	"Signal peptide, CUB domain and EGF like domain containing 2"
ENSG00000146197	SCUBE3	"Signal peptide, CUB domain and EGF like domain containing 3"
ENSG00000115884	SDC1	"Syndecan 1"
ENSG00000124145	SDC4	"Syndecan 4"
ENSG00000250722	SELENOP	"Selenoprotein P"
ENSG00000001617	SEMA3F	"Semaphorin 3F"
ENSG00000010319	SEMA3G	"Semaphorin 3G"
ENSG00000197249	SERPINA1	"Serpin family A member 1"
ENSG00000140093	SERPINA10	"Serpin family A member 10"
ENSG00000186910	SERPINA11	"Serpin family A member 11"
ENSG00000196136	SERPINA3	"Serpin family A member 3"
ENSG00000100665	SERPINA4	"Serpin family A member 4"
ENSG00000188488	SERPINA5	"Serpin family A member 5"
ENSG00000170099	SERPINA6	"Serpin family A member 6"
ENSG00000123561	SERPINA7	"Serpin family A member 7"
ENSG00000170054	SERPINA9	"Serpin family A member 9"
ENSG00000117601	SERPINC1	"Serpin family C member 1"
ENSG00000099937	SERPIND1	"Serpin family D member 1"
ENSG00000106366	SERPINE1	"Serpin family E member 1"
ENSG00000132386	SERPINF1	"Serpin family F member 1"
ENSG00000167711	SERPINF2	"Serpin family F member 2"
ENSG00000149131	SERPING1	"Serpin family G member 1"
ENSG00000129214	SHBG	"Sex hormone binding globulin"
ENSG00000117090	SLAMF1	"Signaling lymphocytic activation molecule family member 1"
ENSG00000124107	SLPI	"Secretory leukocyte peptidase inhibitor"
ENSG00000166311	SMPD1	"Sphingomyelin phosphodiesterase 1"
ENSG00000172594	SMPDL3A	"Sphingomyelin phosphodiesterase acid like 3A"
ENSG00000130768	SMPDL3B	"Sphingomyelin phosphodiesterase acid like 3B"
ENSG00000109610	SOD3	"Superoxide dismutase 3"
ENSG00000149639	SOGA1	"Suppressor of glucose, autophagy associated 1"
ENSG00000137642	SORL1	"Sortilin related receptor 1"
ENSG00000113140	SPARC	"Secreted protein acidic and cysteine rich"
ENSG00000128040	SPINK2	"Serine peptidase inhibitor, Kazal type 2"
ENSG00000229453	SPINK8	"Serine peptidase inhibitor, Kazal type 8 (putative)"
ENSG00000166145	SPINT1	"Serine peptidase inhibitor, Kunitz type 1"
ENSG00000152377	SPOCK1	"SPARC/osteonectin, cwcv and kazal like domains proteoglycan 1"
ENSG00000107742	SPOCK2	"SPARC/osteonectin, cwcv and kazal like domains proteoglycan 2"
ENSG00000262655	SPON1	"Spondin 1"
ENSG00000159674	SPON2	"Spondin 2"
ENSG00000118785	SPP1	"Secreted phosphoprotein 1"
ENSG00000072080	SPP2	"Secreted phosphoprotein 2"
ENSG00000134548	SPX	"Spexin hormone"
ENSG00000102359	SRPX2	"Sushi repeat containing protein, X-linked 2"
ENSG00000157005	SST	Somatostatin
ENSG00000073849	ST6GAL1	"ST6 beta-galactoside alpha-2,6-sialyltransferase 1"
ENSG00000177868	SVBP	"Small vasohibin binding protein"
ENSG00000006128	TAC1	"Tachykinin precursor 1"
ENSG00000176358	TAC4	"Tachykinin 4"
ENSG00000134827	TCN1	"Transcobalamin 1"
ENSG00000185339	TCN2	"Transcobalamin 2"
ENSG00000120156	TEK	"TEK receptor tyrosine kinase"
ENSG00000091513	TF	Transferrin
ENSG00000160180	TFF3	"Trefoil factor 3"
ENSG00000003436	TFPI	"Tissue factor pathway inhibitor"
ENSG00000072274	TFRC	"Transferrin receptor"
ENSG00000163235	TGFA	"Transforming growth factor alpha"
ENSG00000105329	TGFB1	"Transforming growth factor beta 1"
ENSG00000092969	TGFB2	"Transforming growth factor beta 2"
ENSG00000119699	TGFB3	"Transforming growth factor beta 3"
ENSG00000120708	TGFBI	"Transforming growth factor beta induced"
ENSG00000069702	TGFBR3	"Transforming growth factor beta receptor 3"
ENSG00000090534	THPO	Thrombopoietin
ENSG00000005108	THSD7A	"Thrombospondin type 1 domain containing 7A"
ENSG00000102265	TIMP1	"TIMP metallopeptidase inhibitor 1"
ENSG00000232810	TNF	"Tumor necrosis factor"
ENSG00000123610	TNFAIP6	"TNF alpha induced protein 6"
ENSG00000186891	TNFRSF18	"TNF receptor superfamily member 18"
ENSG00000067182	TNFRSF1A	"TNF receptor superfamily member 1A"
ENSG00000028137	TNFRSF1B	"TNF receptor superfamily member 1B"
ENSG00000243509	TNFRSF6B	"TNF receptor superfamily member 6b"
ENSG00000121858	TNFSF10	"TNF superfamily member 10"
ENSG00000120659	TNFSF11	"TNF superfamily member 11"
ENSG00000239697	TNFSF12	"TNF superfamily member 12"
ENSG00000161955	TNFSF13	"TNF superfamily member 13"
ENSG00000102524	TNFSF13B	"TNF superfamily member 13b"
ENSG00000125735	TNFSF14	"TNF superfamily member 14"
ENSG00000181634	TNFSF15	"TNF superfamily member 15"
ENSG00000160404	TOR2A	"Torsin family 2 member A"
ENSG00000172236	TPSAB1	"Tryptase alpha/beta 1"
ENSG00000197253	TPSB2	"Tryptase beta 2 (gene/pseudogene)"
ENSG00000134200	TSHB	"Thyroid stimulating hormone beta"
ENSG00000145777	TSLP	"Thymic stromal lymphopoietin"
ENSG00000118271	TTR	Transthyretin
ENSG00000163794	UCN	Urocortin
ENSG00000145040	UCN2	"Urocortin 2"
ENSG00000178473	UCN3	"Urocortin 3"
ENSG00000049247	UTS2	"Urotensin 2"
ENSG00000071246	VASH1	"Vasohibin 1"
ENSG00000143494	VASH2	"Vasohibin 2"
ENSG00000038427	VCAN	Versican
ENSG00000112715	VEGFA	"Vascular endothelial growth factor A"
ENSG00000173511	VEGFB	"Vascular endothelial growth factor B"
ENSG00000150630	VEGFC	"Vascular endothelial growth factor C"
ENSG00000165197	VEGFD	"Vascular endothelial growth factor D"
ENSG00000128564	VGF	"VGF nerve growth factor inducible"
ENSG00000146469	VIP	"Vasoactive intestinal peptide"
ENSG00000182853	VMO1	"Vitelline membrane outer layer 1 homolog"
ENSG00000093134	VNN3	"Vanin 3"
ENSG00000189068	VSTM1	"V-set and transmembrane domain containing 1"
ENSG00000109072	VTN	Vitronectin
ENSG00000110799	VWF	"Von Willebrand factor"
ENSG00000176473	WDR25	"WD repeat domain 25"
ENSG00000143184	XCL1	"X-C motif chemokine ligand 1"
ENSG00000143185	XCL2	"X-C motif chemokine ligand 2"
ENSG00000103489	XYLT1	"Xylosyltransferase 1"
ENSG00000015532	XYLT2	"Xylosyltransferase 2"
